Reference,Qty,Value,Footprint,P/N,Description
"C1,C2,C14,C15,C17,C20,C22,C36",8,1u,Capacitor_SMD:C_0603_1608Metric,MLASU168SB5105KTNA01,1uF Cap
C3,1,220n,Capacitor_SMD:C_0603_1608Metric,MSASU168SB7224KTNB25 ,220nF Cap
"C5,C6,C8,C9,C12,C16,C18,C19,C23",9,0.1u,Capacitor_SMD:C_0603_1608Metric,MLASH168SB7104KTNA01 ,0.1uF Cap
"C4,C24,C25,C30,C34,C35",6,0.1u,Capacitor_SMD:C_0603_1608Metric_Pad1.08x0.95mm_HandSolder,MLASH168SB7104KTNA01 ,0.1uF Cap (Hand Soldered)
C27,1,1u,Capacitor_SMD:C_0603_1608Metric_Pad1.08x0.95mm_HandSolder,MLASU168SB5105KTNA01,1uF Cap (Hand Soldered)
C28,1,10n,Capacitor_SMD:C_0603_1608Metric_Pad1.08x0.95mm_HandSolder,MSASH168SB5103KTNA01,10 nF Cap (Hand Soldered)
C29,1,3.3n,Capacitor_SMD:C_0603_1608Metric_Pad1.08x0.95mm_HandSolder,06035C332K4T2A,3.3 nF Cap (Hand Soldered)
"C7,C10,C11,C13,C21",5,10u,Capacitor_SMD:C_0805_2012Metric,GRM21BR61H106KE43K,10uF Cap 
"C26,C31,C32,C33",4,10u,Capacitor_SMD:C_0805_2012Metric_Pad1.18x1.45mm_HandSolder,GRM21BR61H106KE43K,10uF Cap (Hand Soldered)
"Fan1,Fan2,J18",3,Conn_01x03,Connector_Molex:Molex_Nano-Fit_105309-xx03_1x03_P2.50mm_Vertical,105309-1303,Molex Nano-Fit 1x3
J5,1,Conn_02x06_Counter_Clockwise,Connector_Molex:Molex_Nano-Fit_105310-xx12_2x06_P2.50mm_Vertical,105310-1112 ,Molex Nano-Fit 2x6
D27,1,MBR230S1F,Diode_SMD:D_SOD-123F,SS24FL,25-5V Buck Converter flyback diode
D1,1,1N5819HW-7-F,Diode_SMD:D_SOD-123,1N5819HW-7-F,VBUSB Schottky diode
U3,1,EMC2305-1-AP-TR,EMC2305-1-AP-TR:QFN65P400X400X90-17N-D,EMC2305-1-AP-TR,Fan Chip
F2,1,3568,FUSE 3568:3568,3568,Fuse Holder (by 2x6 Connector top left)
L1,1,100uH,Inductor_SMD:L_Coilcraft_MSS1246-XXX,MSS1246-104MLC ,Big 100uH Inductor
AmpIn1,19,AmpIn,LED_SMD:LED_0603_1608Metric,LS Q976.01-N1Q2-1,Red Light
,,,,,
,,,,,
DEBUG_0,7,DEBUG_0,LED_SMD:LED_0603_1608Metric,LTST-C193TBKT-5A,Blue Light
,,,,,
,,,,,
,,,,,
,,,,,
,,,,,
,,,,,
,,,,,
,,,,,
"Q1,Q3",2,PSMN8R5-40MSDX,Package_TO_SOT_SMD:LFPAK33,PSMN8R5-40MSDX,Fan PWM Transistors
D2,1,SP0503BAHT,Package_TO_SOT_SMD:SOT-143,SP0503BAHTG,USB ESD protection
U8,1,LT1963AEST-3.3#TRPBF,Package_TO_SOT_SMD:SOT-223-3_TabPin2,LT1963AEST-3.3#TRPBF ,5V_USB to 3.3V_USB Converter
"Q4,Q5,Q6,Q7,Q8,Q9,Q10,Q11",8,"PMV213SN,215",Package_TO_SOT_SMD:SOT-23-3,"PMV213SN,215 ",Motor & Estop Transistors 
F1,1,SMD1812B300TFT,PTC Fuse:FUSC4632X165N,SMD1812B300TFT,Indication Board Connector Fuse
"R1,R2,R5,R9,R12,R13,R18,R19,R22,R23,R29,R30,R31,R34,R35,R38,R39,R43,R44,R45,R50,R54,R66",23,10k,Resistor_SMD:R_0603_1608Metric,CRCW060310K0FKEI ,10k? Resistor
"R3,R4,R10,R11",4,5.1k,Resistor_SMD:R_0603_1608Metric,CRCW06035K10FKEC ,5.1k? Resistor
R6,1,470,Resistor_SMD:R_0603_1608Metric,CRCW1206470RFKEA ,470? Resistor
"R7,R24,R25,R26,R27,R56",6,120,Resistor_SMD:R_0603_1608Metric,CRCW0603120RFKEC ,120? Resistor
"R8,R20,R33,R37,R41",5,1k,Resistor_SMD:R_0603_1608Metric,CRCW06031K00FKEI ,1k? Resistor
R14,1,3.3k,Resistor_SMD:R_0603_1608Metric,CRCW06033K30FKECHP ,3.3k? Resistor
"R21,R32,R36,R40",4,4.3k,Resistor_SMD:R_0603_1608Metric,CRCW06034K30FKEA,4.3k
R28,1,200k,Resistor_SMD:R_0603_1608Metric,MCT06030C2003FP500 ,200k? Resistor
"R42,R46,R47,R48,R49,R52,R53,R55,R57,R58,R59,R60,R61,R62,R63",15,150,Resistor_SMD:R_0603_1608Metric,CRCW0603150RFKEC,150? Resistor
R51,1,9.1k,Resistor_SMD:R_0603_1608Metric,CRCW06039K10FKEC ,9.1k? Resistor
R64,1,16k,Resistor_SMD:R_0603_1608Metric_Pad0.98x0.95mm_HandSolder,CRCW060316K0FKTA ,16k? Resistor
D12,1,CDBC560-G,Schlotty:DIOM7959X262N,CDBC560-G,RPP BIG Schottky Diode
U12,1,SHT4x,Sensor_Humidity:Sensirion_DFN-4_1.5x1.5mm_P0.8mm_SHT4x_NoCentralPad,SHT45-AD1B-R2 ,Digital Humidity and Temperature Sensor (back)
"U9,U10",2,SN74HC594DWG4,Shift Reg:SOIC127P1030X265-16N,SN74HC594DWG4,8-Bit Shift Registers With Output Registers
"J13,J21",2,SFH11-PBPC-D05-ST-BK,UTSVT_Connectors:CONN_SFH11-xxxC-D05-ST-XX_SUL,SFH11-PBPC-D05-ST-BK,Connector interfacing with logic analyzers
"3.3V_In1,J15",2,Conn_01x02,UTSVT_Connectors:Molex_Nano-Fit_105309-xx02_1x02_P2.50mm_Vertical,105309-1102 ,Molex Nano-Fit 1x2
J3,1,CarLVPowerConnector,UTSVT_Connectors:Molex_Nano-Fit_105309-xx02_1x02_P2.50mm_Vertical,105309-1102 ,Connector for the car's 24V power bus
J8,1,CarCANConnector,UTSVT_Connectors:Molex_Nano-Fit_105309-xx02_1x02_P2.50mm_Vertical,1053091102,Molex Nano-Fit 1x2
"J4,J9,J10,J11",4,ContactorConnector,UTSVT_Connectors:Molex_Nano-Fit_105309-xx04_1x04_P2.50mm_Vertical,105309-1204 ,Molex Nano-Fit 1x4
"J6,J7",2,PeripheralCAN,UTSVT_Connectors:Molex_Nano-Fit_105309-xx04_1x04_P2.50mm_Vertical,105309-1204 ,Connection to the car's Peripheral CAN bus.
J17,1,Conn_01x04,UTSVT_Connectors:Molex_Nano-Fit_105309-xx04_1x04_P2.50mm_Vertical,105309-1204 ,Molex Nano-Fit 1x4
J2,1,USB_C_Receptacle_USB2.0_16P,UTSVT_Connectors:USB_C_Receptacle_GCT_USB4105-xx-A_16P_TopMnt_Horizontal,640-USB4215-03-A,USB 2.0-only 16P Type-C Receptacle connector
"U4,U5,U6,U7",4,EL3H7,UTSVT_ICs:EL3H7,EL3H7(D)(TA)-VG,Photo-isolator for Contactor Connections
U2,1,TPS2115ADRBR,UTSVT_ICs:SON65P300X300X100-9N,TPS2115ADRBR,Chooser for USB or LSOM power for ESP
"D4,D5,D6,D7,D8,D9",6,VSSAF522-M3/H,UTSVT_Passives:MMDL101T1G,VSSAF522-M3/H,Contactor flyback diodes
Z2,1,SMAF4751A-TP,UTSVT_Passives:SODFL5026X125N,SMAF4751A-TP,RPP small diode
Q12,1,PSMN8R5-40MSDX,UTSVT_Power:PSMN8R5-40MSDX,PSMN8R5-40MSDX,RPP Transistor
IC1,1,LM74502HDDFR,UTSVT_Power:SOT65P280X110-8N,LM74502HDDFR,RPP controller
U11,1,TPS5405DR,UTSVT_Power:TPS5405DR,TPS5405DR,Buck Switching Regulator IC Positive Fixed 5V
U1,1,ESP32-C6-MINI-1/U,UTSVT_Special:ESP32-C6-MINI-1,ESP32-C6-MINI-1U,ESP32-C6-MINI-1 
SW2,1,BOOT,UTSVT_Special:SW_CJS-1200TA,CJS-1200TA ,"Switch, single pole double throw (BOOT ESP)"
SW1,1,RESET,UTSVT_Special:SW_SPST_B3SL-1002P,B3SL-1002P ,
